episode,reward,score,steps,loss
1,-12.6,0,15,
2,-12.0,0,6,
3,-14.4,0,21,
4,-12.4,0,16,
5,-0.7,1,23,
6,-10.6,0,13,
7,-10.6,0,10,
8,-11.6,0,14,
9,-9.2,0,11,
10,-13.2,0,39,
11,-10.4,0,11,
12,-12.0,0,6,
13,-15.0,0,30,
14,-14.4,0,30,
15,-13.4,0,17,
16,-13.2,0,21,
17,-11.6,0,17,
18,-11.2,0,7,
19,-11.8,0,10,
20,-10.8,0,6,
21,-10.6,0,7,
22,-11.4,0,15,
23,-12.4,0,13,
24,-15.6,0,48,
25,-11.2,0,16,
26,-13.8,0,30,
27,-13.4,0,23,
28,-12.2,0,11,
29,-1.3,1,8,
30,-12.4,0,19,
31,-12.2,0,11,
32,-11.6,0,8,
33,-10.2,0,27,
34,-12.4,0,10,
35,-11.4,0,12,
36,-12.2,0,11,
37,-12.4,0,13,
38,-14.6,0,38,
39,-16.4,0,38,
40,-12.2,0,17,
41,-12.8,0,20,
42,-11.8,0,10,
43,-10.4,0,14,
44,-15.4,0,37,
45,-13.6,0,22,
46,-13.2,0,9,
47,0.1,1,3,
48,-12.2,0,8,
49,-11.8,0,7,
50,-11.6,0,8,
51,-12.4,0,7,
52,-10.8,0,15,
53,-14.2,0,28,
54,-12.8,0,17,
55,-13.6,0,40,
56,-13.2,0,18,
57,-15.8,0,47,
58,8.8,2,31,
59,-0.7,1,20,
60,0.3,1,13,
61,-4.3,1,47,
62,-9.8,0,17,
63,-2.1,1,46,
64,-12.0,0,18,
65,-10.6,0,13,
66,-16.0,0,34,
67,-13.6,0,10,
68,-13.2,0,18,
69,-1.5,1,22,
70,-11.6,0,5,
71,-13.4,0,11,
72,-11.8,0,7,
73,-14.0,0,14,
74,-12.6,0,18,
75,-14.0,0,32,
76,-13.0,0,13,
77,-13.8,0,12,
78,-10.6,0,7,
79,0.5,1,20,
80,-11.4,0,9,
81,-10.4,0,8,
82,-12.2,0,11,
83,-12.6,0,15,
84,-11.8,0,10,
85,-11.6,0,5,
86,10.2,2,32,
87,-11.6,0,8,
88,-11.0,0,17,
89,-14.4,0,24,
90,-11.0,0,14,
91,-13.6,0,10,
92,-13.0,0,22,
93,-13.2,0,9,
94,-11.2,0,7,
95,-12.6,0,9,
96,-11.8,0,7,
97,-12.0,0,6,
98,-0.7,1,17,
99,-14.0,0,29,
100,-12.8,0,14,
101,-12.4,0,10,
102,-13.0,0,16,
103,0.3,1,10,
104,-11.6,0,8,
105,-12.2,0,11,
106,-14.4,0,15,
107,-15.2,0,29,
108,-10.8,0,15,
109,-4.7,1,51,
110,-12.6,0,12,
111,-10.4,0,11,
112,-11.2,0,7,
113,-12.4,0,10,
114,-14.4,0,33,
115,-11.6,0,23,
116,-12.0,0,9,
117,-12.8,0,8,
118,-18.0,0,60,0.48024654388427734
119,-1.1,1,9,0.48024654388427734
120,-10.4,0,8,0.48024654388427734
121,-12.0,0,9,0.48024654388427734
122,-13.0,0,13,0.48024654388427734
123,-13.2,0,12,0.48024654388427734
124,-10.8,0,9,0.48024654388427734
125,-10.2,0,21,0.48024654388427734
126,-11.2,0,7,0.48024654388427734
127,-12.4,0,13,0.48024654388427734
128,-9.8,0,8,0.48024654388427734
129,-12.0,0,24,0.48024654388427734
130,-12.2,0,17,0.48024654388427734
131,-8.8,0,7,0.48024654388427734
132,-13.2,0,18,0.48024654388427734
133,-14.4,0,21,0.48024654388427734
134,-11.2,0,10,0.48024654388427734
135,-13.0,0,13,0.48024654388427734
136,-12.0,0,12,0.48024654388427734
137,-12.4,0,22,0.48024654388427734
138,-11.4,0,9,0.48024654388427734
139,-13.6,0,22,0.48024654388427734
140,-1.7,1,15,0.48024654388427734
141,-15.6,0,81,0.48024654388427734
142,-11.8,0,19,0.48024654388427734
143,-0.1,1,8,0.48024654388427734
144,-14.0,0,29,0.48024654388427734
145,-12.6,0,18,0.48024654388427734
146,-12.2,0,11,0.48024654388427734
147,-13.2,0,12,0.48024654388427734
148,-2.5,1,26,0.48024654388427734
149,-0.7,1,29,0.48024654388427734
150,-16.0,0,37,0.48024654388427734
151,-14.6,0,38,0.48024654388427734
152,-13.8,0,15,0.48024654388427734
153,-10.8,0,9,0.48024654388427734
154,-14.0,0,23,0.48024654388427734
155,-4.3,1,53,0.48024654388427734
156,-11.2,0,7,0.48024654388427734
157,-13.4,0,17,0.48024654388427734
158,-13.6,0,22,0.48024654388427734
159,-13.0,0,16,0.48024654388427734
160,-14.0,0,38,0.48024654388427734
161,-15.6,0,45,0.48024654388427734
162,0.1,1,6,0.48024654388427734
163,-13.0,0,37,0.48024654388427734
164,-14.4,0,33,0.48024654388427734
165,-13.0,0,10,0.48024654388427734
166,-11.4,0,9,0.48024654388427734
167,-14.8,0,28,0.48024654388427734
168,-12.8,0,8,0.48024654388427734
169,-16.0,0,67,0.48024654388427734
170,-8.8,0,10,0.48024654388427734
171,-13.0,0,13,0.48024654388427734
172,-11.6,0,11,0.48024654388427734
173,0.1,1,6,0.48024654388427734
174,-13.4,0,11,0.48024654388427734
175,-12.8,0,17,0.48024654388427734
176,-12.4,0,22,0.48024654388427734
177,-14.2,0,22,0.48024654388427734
178,-15.0,0,54,0.48024654388427734
179,-11.8,0,13,0.48024654388427734
180,-14.8,0,28,0.48024654388427734
181,-11.8,0,13,0.48024654388427734
182,-15.0,0,30,0.48024654388427734
183,-12.8,0,20,0.48024654388427734
184,-2.5,1,8,0.48024654388427734
185,-12.0,0,30,0.48024654388427734
186,-11.8,0,7,0.48024654388427734
187,-11.6,0,5,0.48024654388427734
188,-15.6,0,30,0.48024654388427734
189,-11.8,0,10,0.48024654388427734
190,-0.7,1,17,0.48024654388427734
191,-11.4,0,9,0.48024654388427734
192,-10.6,0,10,0.48024654388427734
193,-14.4,0,36,0.48024654388427734
194,-1.1,1,9,0.48024654388427734
195,-12.4,0,31,0.48024654388427734
196,-9.6,0,12,0.48024654388427734
197,0.1,1,12,0.48024654388427734
198,-1.7,1,15,0.48024654388427734
199,-0.9,1,19,0.48024654388427734
200,-10.4,0,8,0.48024654388427734
201,-11.6,0,23,0.48024654388427734
202,-10.6,0,16,0.48024654388427734
203,-13.0,0,25,0.48024654388427734
204,-10.4,0,8,0.48024654388427734
205,-14.0,0,38,0.48024654388427734
206,-13.6,0,16,0.48024654388427734
207,-12.8,0,29,0.48024654388427734
208,-10.4,0,11,0.48024654388427734
209,-11.4,0,21,0.48024654388427734
210,-4.1,1,33,0.48024654388427734
211,-13.0,0,13,0.48024654388427734
212,-13.4,0,14,0.48024654388427734
213,-10.4,0,8,0.48024654388427734
214,-9.8,0,8,0.48024654388427734
215,-11.0,0,8,0.48024654388427734
216,-12.4,0,7,0.48024654388427734
217,-12.4,0,19,0.48024654388427734
218,-13.6,0,13,0.48024654388427734
219,-0.3,1,13,0.48024654388427734
220,-13.8,0,21,0.48024654388427734
221,-13.8,0,15,0.4755514234304428
222,-13.6,0,22,0.4755514234304428
223,-12.0,0,12,0.4755514234304428
224,-14.4,0,21,0.4755514234304428
225,-10.6,0,7,0.4755514234304428
226,-14.8,0,28,0.4755514234304428
227,-12.0,0,9,0.4755514234304428
228,-15.0,0,36,0.4755514234304428
229,-13.0,0,22,0.4755514234304428
230,-16.6,0,58,0.4755514234304428
231,-11.2,0,7,0.4755514234304428
232,-12.8,0,14,0.4755514234304428
233,-13.2,0,24,0.4755514234304428
234,-10.8,0,6,0.4755514234304428
235,-12.6,0,15,0.4755514234304428
236,-13.0,0,13,0.4755514234304428
237,-10.4,0,8,0.4755514234304428
238,-12.8,0,26,0.4755514234304428
239,-2.7,1,10,0.4755514234304428
240,-14.2,0,46,0.4755514234304428
241,-11.8,0,10,0.4755514234304428
242,-9.8,0,5,0.4755514234304428
243,-13.8,0,21,0.4755514234304428
244,-12.6,0,18,0.4755514234304428
245,-17.2,0,70,0.4755514234304428
246,-2.7,1,10,0.4755514234304428
247,-11.8,0,28,0.4755514234304428
248,-10.2,0,18,0.4755514234304428
249,-13.0,0,22,0.4755514234304428
250,-13.2,0,33,0.4755514234304428
251,-13.2,0,12,0.4755514234304428
252,-11.8,0,7,0.4755514234304428
253,-10.2,0,6,0.4755514234304428
254,-12.8,0,11,0.4755514234304428
255,-14.2,0,22,0.4755514234304428
256,-12.0,0,15,0.4755514234304428
257,-11.4,0,12,0.4755514234304428
258,-13.6,0,34,0.4755514234304428
259,-12.6,0,12,0.4755514234304428
260,-12.6,0,18,0.4755514234304428
261,-10.8,0,12,0.4755514234304428
262,-12.6,0,12,0.4755514234304428
263,-10.4,0,11,0.4755514234304428
264,-15.0,0,21,0.4755514234304428
265,-13.0,0,22,0.4755514234304428
266,-13.4,0,20,0.4755514234304428
267,0.1,1,9,0.4755514234304428
268,-14.2,0,28,0.4755514234304428
269,-13.6,0,19,0.4755514234304428
270,-10.2,0,9,0.4755514234304428
271,-15.4,0,37,0.4755514234304428
272,-14.0,0,14,0.4755514234304428
273,-13.0,0,10,0.4755514234304428
274,-0.7,1,20,0.4755514234304428
275,-14.8,0,40,0.4755514234304428
276,-9.6,0,6,0.4755514234304428
277,8.4,2,35,0.4755514234304428
278,7.4,2,27,0.4755514234304428
279,-12.8,0,14,0.4755514234304428
280,-10.2,0,6,0.4755514234304428
281,-11.0,0,14,0.4755514234304428
282,-12.4,0,7,0.4755514234304428
283,-14.2,0,28,0.4755514234304428
284,-12.0,0,12,0.4755514234304428
285,-11.8,0,13,0.4755514234304428
286,-14.6,0,26,0.4755514234304428
287,-0.3,1,10,0.4755514234304428
288,-10.2,0,12,0.4755514234304428
289,-12.8,0,17,0.4755514234304428
290,-12.6,0,18,0.4755514234304428
291,-12.0,0,9,0.4755514234304428
292,-12.0,0,18,0.4755514234304428
293,-2.3,1,33,0.4755514234304428
294,-1.9,1,26,0.4755514234304428
295,-3.7,1,35,0.4755514234304428
296,-11.4,0,12,0.4755514234304428
297,-0.1,1,17,0.4755514234304428
298,-9.2,0,11,0.4755514234304428
299,-9.6,0,6,0.4755514234304428
300,-0.5,1,9,0.4755514234304428
301,-13.8,0,18,0.4755514234304428
302,-13.4,0,26,0.4755514234304428
303,-11.4,0,6,0.4755514234304428
304,-11.6,0,11,0.4755514234304428
305,-1.7,1,27,0.4755514234304428
306,-11.6,0,11,0.4755514234304428
307,-1.1,1,15,0.4755514234304428
308,-11.6,0,5,0.4755514234304428
309,-11.0,0,26,0.4755514234304428
310,-13.6,0,22,0.4755514234304428
311,-12.4,0,28,0.4755514234304428
312,-10.2,0,18,0.4755514234304428
313,-13.2,0,24,0.4755514234304428
314,10.0,2,22,0.4755514234304428
315,-14.0,0,20,0.4755514234304428
316,-13.4,0,14,0.4755514234304428
317,-10.6,0,13,0.4755514234304428
318,-24.4,0,136,0.4755514234304428
319,-13.8,0,30,0.4755514234304428
320,-11.6,0,5,0.4755514234304428
321,-12.8,0,8,0.4755514234304428
322,-12.4,0,10,0.4755514234304428
323,-12.8,0,14,0.4755514234304428
324,-3.1,1,35,0.4764063149690628
325,-2.7,1,34,0.4764063149690628
326,-10.8,0,9,0.4764063149690628
327,-12.4,0,19,0.4764063149690628
328,-11.2,0,13,0.4764063149690628
329,-13.6,0,34,0.4764063149690628
330,-1.1,1,27,0.4764063149690628
331,-12.0,0,12,0.4764063149690628
332,-0.5,1,18,0.4764063149690628
333,-11.4,0,6,0.4764063149690628
334,-12.8,0,8,0.4764063149690628
335,-3.3,1,49,0.4764063149690628
336,-9.6,0,9,0.4764063149690628
337,-11.2,0,10,0.4764063149690628
338,-10.8,0,9,0.4764063149690628
339,-11.8,0,19,0.4764063149690628
340,-13.6,0,22,0.4764063149690628
341,-12.0,0,6,0.4764063149690628
342,-11.6,0,8,0.4764063149690628
343,-10.8,0,9,0.4764063149690628
344,-11.6,0,11,0.4764063149690628
345,-13.8,0,30,0.4764063149690628
346,-1.1,1,9,0.4764063149690628
347,-0.1,1,23,0.4764063149690628
348,-10.4,0,17,0.4764063149690628
349,-12.6,0,15,0.4764063149690628
350,-14.4,0,21,0.4764063149690628
351,-0.3,1,10,0.4764063149690628
352,-15.4,0,34,0.4764063149690628
353,-12.0,0,12,0.4764063149690628
354,-14.6,0,23,0.4764063149690628
355,-6.1,1,74,0.4764063149690628
356,-1.5,1,25,0.4764063149690628
357,-13.2,0,33,0.4764063149690628
358,-13.0,0,13,0.4764063149690628
359,-13.0,0,10,0.4764063149690628
360,-19.2,0,75,0.4764063149690628
361,-0.1,1,14,0.4764063149690628
362,-10.2,0,15,0.4764063149690628
363,-12.6,0,15,0.4764063149690628
364,-12.2,0,26,0.4764063149690628
365,-12.6,0,21,0.4764063149690628
366,-12.8,0,29,0.4764063149690628
367,-12.0,0,12,0.4764063149690628
368,-10.4,0,11,0.4764063149690628
369,-12.4,0,7,0.4764063149690628
370,-11.4,0,12,0.4764063149690628
371,-13.4,0,38,0.4764063149690628
372,-11.4,0,6,0.4764063149690628
373,-13.4,0,14,0.4764063149690628
374,-12.4,0,13,0.4764063149690628
375,-12.2,0,14,0.4764063149690628
376,-10.8,0,9,0.4764063149690628
377,-12.0,0,15,0.4764063149690628
378,-1.1,1,12,0.4764063149690628
379,-0.3,1,4,0.4764063149690628
380,-13.2,0,27,0.4764063149690628
381,-13.2,0,33,0.4764063149690628
382,-12.2,0,11,0.4764063149690628
383,-13.0,0,13,0.4764063149690628
384,-13.0,0,25,0.4764063149690628
385,-13.0,0,13,0.4764063149690628
386,-11.6,0,29,0.4764063149690628
387,-11.2,0,7,0.4764063149690628
388,-0.1,1,20,0.4764063149690628
389,-13.4,0,35,0.4764063149690628
390,-16.0,0,55,0.4764063149690628
391,-15.0,0,42,0.4764063149690628
392,-10.4,0,14,0.4764063149690628
393,-12.6,0,18,0.4764063149690628
394,-12.2,0,23,0.4764063149690628
395,-15.4,0,34,0.4764063149690628
396,-13.8,0,12,0.4764063149690628
397,-11.0,0,11,0.4764063149690628
398,-11.6,0,11,0.4764063149690628
399,1.1,1,14,0.4764063149690628
400,-12.0,0,15,0.4764063149690628
401,-2.7,1,34,0.4764063149690628
402,-17.0,0,53,0.4764063149690628
403,-0.3,1,13,0.4764063149690628
404,-12.4,0,16,0.4764063149690628
405,-13.8,0,12,0.4764063149690628
406,-11.2,0,16,0.4764063149690628
407,-13.6,0,22,0.4764063149690628
408,-12.4,0,10,0.4764063149690628
409,-12.6,0,21,0.4764063149690628
410,-14.2,0,37,0.4764063149690628
411,-13.0,0,16,0.4764063149690628
412,-1.5,1,22,0.4764063149690628
413,-11.6,0,23,0.4764063149690628
414,-15.8,0,50,0.4764063149690628
415,-12.0,0,18,0.4764063149690628
416,-15.0,0,33,0.4764063149690628
417,-15.0,0,24,0.4764063149690628
418,-14.0,0,14,0.4764063149690628
419,-14.2,0,40,0.4762124687433243
420,-13.2,0,30,0.4762124687433243
421,-11.4,0,12,0.4762124687433243
422,-12.0,0,6,0.4762124687433243
423,-12.6,0,9,0.4762124687433243
424,-12.6,0,9,0.4762124687433243
425,0.1,1,3,0.4762124687433243
426,-13.0,0,16,0.4762124687433243
427,-17.8,0,61,0.4762124687433243
428,-0.3,1,10,0.4762124687433243
429,-11.4,0,21,0.4762124687433243
430,0.5,1,11,0.4762124687433243
431,-15.4,0,34,0.4762124687433243
432,-11.8,0,25,0.4762124687433243
433,-11.2,0,10,0.4762124687433243
434,-12.0,0,9,0.4762124687433243
435,-11.8,0,13,0.4762124687433243
436,-15.4,0,40,0.4762124687433243
437,-0.9,1,13,0.4762124687433243
438,-4.1,1,42,0.4762124687433243
439,-1.7,1,12,0.4762124687433243
440,-14.8,0,34,0.4762124687433243
441,-17.2,0,52,0.4762124687433243
442,-0.9,1,25,0.4762124687433243
443,-12.6,0,21,0.4762124687433243
444,-0.5,1,12,0.4762124687433243
445,-12.0,0,12,0.4762124687433243
446,-10.0,0,10,0.4762124687433243
447,-16.2,0,45,0.4762124687433243
448,-2.7,1,10,0.4762124687433243
449,-11.4,0,21,0.4762124687433243
450,-0.3,1,10,0.4762124687433243
451,-12.4,0,22,0.4762124687433243
452,-0.7,1,14,0.4762124687433243
453,-2.9,1,45,0.4762124687433243
454,-13.2,0,27,0.4762124687433243
455,-15.0,0,30,0.4762124687433243
456,-2.3,1,36,0.4762124687433243
457,0.1,1,21,0.4762124687433243
458,-11.8,0,16,0.4762124687433243
459,-12.2,0,11,0.4762124687433243
460,-12.4,0,34,0.4762124687433243
461,-11.8,0,10,0.4762124687433243
462,-0.5,1,12,0.4762124687433243
463,-13.8,0,15,0.4762124687433243
464,-13.2,0,9,0.4762124687433243
465,-1.7,1,30,0.4762124687433243
466,-11.6,0,17,0.4762124687433243
467,-12.4,0,16,0.4762124687433243
468,-12.2,0,14,0.4762124687433243
469,-10.0,0,13,0.4762124687433243
470,-15.8,0,38,0.4762124687433243
471,-13.8,0,42,0.4762124687433243
472,-1.1,1,24,0.4762124687433243
473,-12.6,0,33,0.4762124687433243
474,-13.8,0,27,0.4762124687433243
475,-15.0,0,36,0.4762124687433243
476,-15.2,0,53,0.4762124687433243
477,-11.6,0,17,0.4762124687433243
478,-12.0,0,12,0.4762124687433243
479,-12.0,0,15,0.4762124687433243
480,-13.4,0,17,0.4762124687433243
481,-11.6,0,5,0.4762124687433243
482,-12.2,0,26,0.4762124687433243
483,-12.8,0,26,0.4762124687433243
484,-12.0,0,9,0.4762124687433243
485,0.7,1,15,0.4762124687433243
486,-12.4,0,16,0.4762124687433243
487,-13.0,0,13,0.4762124687433243
488,-12.8,0,11,0.4762124687433243
489,-13.0,0,10,0.4762124687433243
490,0.3,1,34,0.4762124687433243
491,-12.0,0,9,0.4762124687433243
492,-11.0,0,14,0.4762124687433243
493,-1.1,1,9,0.4762124687433243
494,-14.6,0,29,0.4762124687433243
495,-10.8,0,12,0.4762124687433243
496,-12.6,0,24,0.4762124687433243
497,-12.4,0,13,0.4762124687433243
498,-12.4,0,13,0.4762124687433243
499,-10.2,0,18,0.4762124687433243
500,-16.4,0,50,0.4762124687433243
