episode,reward,score,steps,epsilon,loss
1,-13.0,0,22,1.0,
2,-11.4,0,9,0.995,
3,-10.0,0,10,0.990025,
4,-13.6,0,25,0.985075,5.282299518585205
5,-10.4,0,20,0.98015,5.247915720939636
6,-14.8,0,37,0.975249,3.477130129530623
7,-13.6,0,13,0.970373,2.0862856828249416
8,-14.4,0,24,0.965521,1.2363539511958759
9,-15.0,0,45,0.960693,0.34000968171490564
10,-10.4,0,20,0.95589,0.07685195915400982
11,-9.8,0,11,0.95111,0.14744530973786657
12,-14.8,0,22,0.946355,0.13552457026459955
13,-13.0,0,13,0.941623,0.17334849043534353
14,-13.2,0,33,0.936915,0.11950701971848805
15,0.1,1,6,0.93223,0.0640730286637942
16,5.8,2,58,0.927569,0.23060472264628987
17,-0.3,1,22,0.922931,0.7685428569940004
18,-12.6,0,12,0.918316,0.9605045455197493
19,-12.2,0,8,0.913725,0.7114637587219477
20,-0.9,1,19,0.909156,0.775552042612904
21,0.3,1,10,0.90461,0.8552355960011482
22,-9.6,0,12,0.900087,0.6996164123217264
23,0.5,1,11,0.895587,1.1470137252049013
24,-14.6,0,32,0.891109,1.2172501953318715
25,-12.8,0,17,0.886654,0.7744976843104643
26,-0.7,1,20,0.88222,1.1191988632082939
27,-12.8,0,8,0.877809,1.078100472688675
28,-2.1,1,40,0.87342,1.1884372521191835
29,-0.1,1,5,0.869053,0.8502281665802002
30,-12.4,0,22,0.864708,1.0272858210585334
31,-10.8,0,9,0.860384,0.9909676710764567
32,-14.4,0,36,0.856082,1.083949697514375
33,7.0,2,46,0.851802,1.2838711038879727
34,-12.2,0,8,0.847543,1.5426445715129375
35,12.2,2,24,0.843305,1.3731558596094449
36,-13.0,0,40,0.839089,1.6284870132803917
37,-1.7,1,21,0.834893,1.5150061434223538
38,-11.0,0,8,0.830719,1.4996234625577927
39,-5.5,1,50,0.826565,1.4383450281620025
40,-1.3,1,32,0.822432,1.5542226303368807
41,0.3,1,19,0.81832,1.996760020130559
42,-10.2,0,6,0.814229,2.2651214798291526
43,0.1,1,9,0.810157,1.7864383724000719
44,-11.4,0,9,0.806107,1.9798614713880751
45,-1.5,1,25,0.802076,1.719774317741394
46,-11.4,0,6,0.798066,3.004487931728363
47,-10.0,0,7,0.794075,2.0795423643929616
48,-10.8,0,12,0.790105,2.2523567378520966
49,1.1,1,8,0.786154,2.566563054919243
50,-10.2,0,12,0.782224,2.1980968713760376
51,-12.0,0,9,0.778313,2.2996823125415378
52,-11.6,0,29,0.774421,2.2500537880535783
53,-1.1,1,21,0.770549,2.206310822850182
54,-12.2,0,14,0.766696,2.4497241164956773
55,-13.8,0,30,0.762863,2.361645301183065
56,-0.5,1,18,0.759048,2.078566014766693
57,-8.6,0,8,0.755253,1.8760623037815094
58,-9.8,0,8,0.751477,1.8363826274871826
59,-1.7,1,18,0.747719,2.1130480700069003
60,0.7,1,24,0.743981,2.6859122117360434
61,-10.2,0,12,0.740261,2.541434586048126
62,-10.6,0,19,0.73656,2.2400536662653874
63,-13.2,0,33,0.732877,2.0704990444761333
64,-11.0,0,20,0.729212,1.981329357624054
65,-11.0,0,8,0.725566,2.315037786960602
66,-11.6,0,11,0.721939,3.2324077866294165
67,-12.6,0,9,0.718329,2.151453071170383
68,-11.8,0,10,0.714737,2.339926767349243
69,-10.0,0,10,0.711164,2.246077525615692
70,-10.2,0,18,0.707608,2.221042037010193
71,1.3,1,9,0.70407,2.1397912237379284
72,6.6,2,59,0.700549,2.178789964166738
73,-10.6,0,25,0.697047,1.9456229734420776
74,1.1,1,11,0.693561,1.92655179717324
75,-9.8,0,20,0.690094,1.890820175409317
76,22.7,3,40,0.686643,3.1251788586378098
77,-11.2,0,19,0.68321,2.870571174119648
78,-1.1,1,15,0.679794,2.574765372276306
79,-11.0,0,11,0.676395,2.8756778023459693
80,-0.9,1,16,0.673013,2.6294300705194473
81,-13.8,0,27,0.669648,2.489565129633303
82,-1.1,1,24,0.6663,2.4112488130728402
83,-11.0,0,14,0.662968,2.081405656678336
84,-11.4,0,9,0.659653,1.9564158254199557
85,-1.5,1,31,0.656355,1.735581890229256
86,-0.1,1,26,0.653073,2.4595764462764445
87,41.3,5,48,0.649808,2.8687353854378066
88,0.9,1,10,0.646559,3.241841673851013
89,0.1,1,6,0.643326,2.6920750538508096
90,-0.5,1,12,0.640109,2.709786593914032
91,-9.8,0,5,0.636909,2.4106462478637694
92,-10.8,0,15,0.633724,3.1483116149902344
93,-0.1,1,17,0.630556,2.818784804905162
94,-10.4,0,20,0.627403,2.0227599680423736
95,-11.2,0,25,0.624266,2.1917025995254518
96,0.3,1,10,0.621145,2.201981234550476
97,-8.8,0,7,0.618039,2.2675026655197144
98,-9.4,0,7,0.614949,3.1785360745021274
99,-10.0,0,16,0.611874,2.6280316710472107
100,-9.8,0,11,0.608815,3.1282562017440796
101,-1.1,1,18,0.60577,2.5737879143820868
102,-9.6,0,9,0.602742,2.5413822862837048
103,0.5,1,20,0.599728,1.930015766620636
104,9.0,2,29,0.596729,2.226121220095404
105,10.2,2,35,0.593746,3.2645114864621845
106,-9.2,0,8,0.590777,3.327354818582535
107,11.2,2,22,0.587823,3.2538534890521658
108,-9.6,0,9,0.584884,3.5782024595472546
109,-8.8,0,10,0.581959,3.0901530146598817
110,-1.5,1,16,0.57905,2.990533523261547
111,-1.3,1,17,0.576154,3.8587035571827606
112,11.2,2,22,0.573274,3.467895421114835
113,1.1,1,17,0.570407,3.570515548481661
114,10.2,2,14,0.567555,3.412661211831229
115,-0.7,1,23,0.564717,3.759885777597842
116,-13.0,0,16,0.561894,3.4217398539185524
117,-12.4,0,16,0.559084,3.8196702748537064
118,0.3,1,28,0.556289,2.722625819700105
119,43.1,5,36,0.553508,2.9225644634829626
120,-10.6,0,19,0.55074,3.383820006721898
121,-0.9,1,22,0.547986,3.228388125246221
122,0.5,1,23,0.545246,3.243082777313564
123,-0.1,1,20,0.54252,3.439978551864624
124,-0.7,1,32,0.539808,3.26679141074419
125,-1.7,1,27,0.537108,2.883713995968854
126,2.1,1,16,0.534423,2.5964532122015953
127,-9.4,0,13,0.531751,3.1659411375339213
128,-0.5,1,15,0.529092,2.167283884684245
129,-9.8,0,8,0.526447,2.6568390130996704
130,12.0,2,38,0.523814,2.7246608169455278
131,23.1,3,39,0.521195,2.4365301040502696
132,10.4,2,6,0.518589,2.471709410349528
133,29.8,4,54,0.515996,2.8211985804416515
134,0.9,1,10,0.513416,3.03203341960907
135,-0.3,1,28,0.510849,2.639810195990971
136,0.3,1,10,0.508295,2.5028155922889708
137,0.7,1,9,0.505754,2.3342356549368963
138,0.1,1,12,0.503225,3.5008870462576547
139,-1.1,1,21,0.500709,3.7774829410371327
140,0.5,1,14,0.498205,3.8473871605736867
141,22.1,3,19,0.495714,3.9637319288755717
142,-9.6,0,12,0.493236,3.591107666492462
143,-0.1,1,8,0.490769,5.4227535128593445
144,1.5,1,16,0.488316,5.79351219534874
145,11.0,2,33,0.485874,4.237853043007128
146,10.6,2,16,0.483445,3.9245767891407013
147,10.4,2,18,0.481027,4.506167809168498
148,12.0,2,17,0.478622,3.5636667363783894
149,13.0,2,46,0.476229,5.089562825534655
150,-1.1,1,21,0.473848,3.7777355909347534
151,-11.8,0,22,0.471479,4.189034700393677
152,30.0,4,40,0.469121,5.3407400965690615
153,-9.8,0,11,0.466776,4.104153806513006
154,9.8,2,9,0.464442,6.926602628495958
155,0.3,1,16,0.46212,4.0533139407634735
156,0.3,1,13,0.459809,6.434428673524123
157,28.8,4,31,0.45751,3.0928937350550005
158,18.7,3,35,0.455222,3.953277710505894
159,0.5,1,17,0.452946,5.733600967070636
160,39.5,5,99,0.450682,5.340610677545721
161,22.5,3,42,0.448428,4.010370720000494
162,-0.3,1,25,0.446186,4.9917738819122315
163,10.8,2,41,0.443955,4.750239407143941
164,0.5,1,8,0.441735,3.637825071811676
165,0.9,1,16,0.439527,8.414902403950691
166,0.3,1,10,0.437329,5.05229001045227
167,1.1,1,14,0.435142,5.8445784875324795
168,-9.0,0,6,0.432967,4.394539872805278
169,50.2,6,50,0.430802,8.290373425483704
170,1.3,1,12,0.428648,4.983632147312164
171,-9.6,0,9,0.426505,10.148368464575874
172,-10.0,0,28,0.424372,6.749629608222416
173,10.2,2,17,0.42225,4.498470110051772
174,11.6,2,18,0.420139,4.848937471707662
175,32.8,4,42,0.418038,4.588313528469631
176,1.1,1,11,0.415948,3.9424878033724697
177,-9.8,0,8,0.413868,4.176242917776108
178,-1.1,1,21,0.411799,5.370594342549642
179,22.5,3,21,0.40974,3.978392555600121
180,-9.0,0,6,0.407691,4.207562327384949
181,1.7,1,23,0.405653,5.27206449923308
182,-12.0,0,15,0.403625,4.353644180297851
183,9.6,2,23,0.401606,6.941660404205322
184,10.2,2,32,0.399598,4.5438887141644955
185,-0.1,1,11,0.3976,4.5470709367231885
186,-0.7,1,20,0.395612,5.406801295280457
187,0.9,1,10,0.393634,13.150400829315185
188,13.0,2,31,0.391666,7.295199348080542
189,10.6,2,28,0.389708,6.18089588199343
190,93.6,10,121,0.387759,7.192298077354747
191,0.5,1,11,0.385821,11.061180764978582
192,32.8,4,27,0.383891,5.953884813520643
193,12.2,2,30,0.381972,6.386905852953593
194,-0.7,1,14,0.380062,6.469490204538618
195,22.3,3,47,0.378162,6.209402895988302
196,20.3,3,19,0.376271,5.854477267516287
197,1.3,1,15,0.37439,4.354724725087483
198,41.5,5,79,0.372518,5.643855816201318
199,10.2,2,38,0.370655,7.425144584555375
200,-10.2,0,21,0.368802,5.232062986918858
201,31.2,4,64,0.366958,7.110619958490133
202,11.0,2,12,0.365123,5.401334007581075
203,-10.0,0,13,0.363297,10.303138842949501
204,1.7,1,14,0.361481,10.592596803392683
205,-0.1,1,11,0.359674,8.888922214508057
206,-0.5,1,18,0.357875,6.813867065641615
207,10.4,2,12,0.356086,8.254018187522888
208,-9.2,0,5,0.354305,5.000579690933227
209,22.5,3,18,0.352534,6.403569155269199
210,21.9,3,39,0.350771,6.4196603909516945
211,11.2,2,13,0.349017,7.070455129329975
212,10.0,2,34,0.347272,4.58935626114116
213,2.1,1,31,0.345536,7.043703056150867
214,20.3,3,16,0.343808,4.954530015587807
215,10.8,2,23,0.342089,8.142294759335725
216,64.9,7,78,0.340379,6.550552991720346
217,-9.4,0,10,0.338677,5.121994519233704
218,0.9,1,16,0.336983,4.503820151090622
219,0.9,1,16,0.335298,4.2635438442230225
220,0.1,1,9,0.333622,9.252158615324232
221,8.2,2,31,0.331954,6.340037338195309
222,0.9,1,10,0.330294,9.227749490737915
223,43.9,5,31,0.328643,5.4323175568734445
224,12.0,2,20,0.326999,4.415412938594818
225,1.3,1,21,0.325364,4.412876526514689
226,64.1,7,74,0.323738,5.851933054021887
227,75.0,8,56,0.322119,5.455252694232123
228,-9.0,0,6,0.320508,11.933299581209818
229,10.0,2,40,0.318906,5.455172991752624
230,10.2,2,32,0.317311,7.554941661655903
231,53.6,6,46,0.315725,8.153430187183877
232,41.9,5,18,0.314146,4.408231483565436
233,10.6,2,13,0.312575,4.0461934713216925
234,11.2,2,10,0.311012,4.675048065185547
235,9.4,2,13,0.309457,5.3807708483475905
236,-0.9,1,19,0.30791,6.068383718791761
237,75.4,8,55,0.306371,5.989958945187655
238,0.7,1,15,0.304839,6.038715521494548
239,12.0,2,23,0.303315,11.931900169538414
240,20.3,3,28,0.301798,4.974702835083008
241,22.1,3,37,0.300289,6.658032397966127
242,-9.2,0,8,0.298788,8.816106647253036
243,0.5,1,5,0.297294,14.58036036491394
244,22.9,3,23,0.295807,7.345137388809867
245,10.8,2,14,0.294328,4.309294325964792
246,19.5,3,27,0.292856,9.385246956789935
247,22.1,3,61,0.291392,5.448363343223196
248,33.6,4,49,0.289935,5.17508906734233
249,0.7,1,12,0.288486,10.934415499369303
250,21.3,3,27,0.287043,7.473080537937306
251,12.4,2,31,0.285608,4.837611905990109
252,0.9,1,13,0.28418,14.105400250508236
253,32.2,4,33,0.282759,6.1179798949848525
254,1.3,1,15,0.281345,4.911485449473063
255,10.2,2,11,0.279938,4.830173535780474
256,1.3,1,18,0.278539,7.453637957572937
257,10.4,2,24,0.277146,4.969310720761617
258,21.3,3,39,0.27576,7.0355338255564375
259,13.4,2,30,0.274382,7.615910784403483
260,14.2,2,46,0.27301,7.846583760303
261,31.2,4,19,0.271645,4.480255942595632
262,-0.5,1,12,0.270286,5.954726576805115
263,-9.6,0,6,0.268935,4.304080168406169
264,-0.5,1,15,0.26759,7.068470112482706
265,0.9,1,7,0.266252,3.4973548480442593
266,7.4,2,42,0.264921,4.906566761788868
267,32.2,4,24,0.263596,11.431555449962616
268,41.3,5,54,0.262278,7.191192512158994
269,12.6,2,26,0.260967,4.36968966630789
270,55.4,6,58,0.259662,10.097435244198504
271,9.4,2,22,0.258364,5.996215961196206
272,33.8,4,32,0.257072,5.858468756079674
273,23.5,3,35,0.255787,6.1707879883902415
274,41.7,5,35,0.254508,10.114413213729858
275,1.5,1,10,0.253235,5.427041125297547
276,0.1,1,18,0.251969,5.539003133773804
277,20.7,3,18,0.250709,5.599519848823547
278,13.6,2,31,0.249456,7.268012092959497
279,74.4,8,65,0.248208,8.889170767710759
280,1.3,1,12,0.246967,13.218141059080759
281,-9.4,0,10,0.245733,6.443190431594848
282,-0.7,1,35,0.244504,8.34278792653765
283,1.1,1,8,0.243281,6.499652087688446
284,21.9,3,18,0.242065,16.12246282895406
285,21.5,3,34,0.240855,13.548080444335938
286,13.6,2,31,0.23965,7.906377146320958
287,0.5,1,8,0.238452,6.415431618690491
288,18.1,3,23,0.23726,12.422394690306291
289,21.3,3,24,0.236074,5.964421421289444
290,55.0,6,62,0.234893,11.787092974109035
291,22.5,3,18,0.233719,4.465077029334174
292,20.5,3,38,0.23255,14.843423015192934
293,11.2,2,10,0.231387,7.405226230621338
294,101.0,10,80,0.23023,12.093100744485856
295,0.3,1,13,0.229079,6.271183692491972
296,-9.6,0,6,0.227934,4.985418876012166
297,34.4,4,35,0.226794,7.9378715515136715
298,23.1,3,24,0.22566,5.239955753087997
299,119.0,12,109,0.224532,11.185232120916384
300,19.9,3,26,0.223409,15.330429709874666
301,30.0,4,40,0.222292,8.343200069665908
302,1.3,1,21,0.221181,13.532682225817727
303,12.8,2,27,0.220075,8.29794047496937
304,55.8,6,60,0.218974,13.88802413145701
305,34.4,4,35,0.21788,7.294764355250767
306,44.1,5,83,0.21679,9.159951299069876
307,44.9,5,36,0.215706,10.294938299391005
308,118.6,12,110,0.214628,8.741603894667191
309,22.9,3,23,0.213555,6.857628304025401
310,66.1,7,60,0.212487,9.087410000960032
311,44.5,5,55,0.211424,16.998999127474697
312,0.1,1,12,0.210367,5.3847311933835345
313,44.3,5,42,0.209315,8.024856624149141
314,65.3,7,59,0.208269,11.272809743881226
315,11.2,2,19,0.207227,11.95919452215496
316,62.9,7,38,0.206191,5.7059714794158936
317,0.3,1,10,0.20516,17.09291806221008
318,10.0,2,13,0.204135,10.962530631285448
319,13.8,2,38,0.203114,5.561007185986168
320,71.8,8,88,0.202098,12.618339644236999
321,22.1,3,25,0.201088,20.773371276855467
322,44.1,5,32,0.200082,10.683151610195637
323,13.0,2,19,0.199082,12.641194494147049
324,0.9,1,7,0.198087,5.980048588344029
325,144.4,14,133,0.197096,12.234341981715726
326,44.5,5,31,0.196111,9.145671844482422
327,52.2,6,33,0.19513,5.1186824133901885
328,42.7,5,52,0.194154,8.6651866206756
329,10.8,2,11,0.193184,9.742874080484563
330,13.2,2,26,0.192218,9.404018108661358
331,10.2,2,17,0.191257,5.047139420228846
332,12.6,2,17,0.1903,18.468089187846463
333,43.5,5,35,0.189349,7.447591618129185
334,32.4,4,40,0.188402,10.294235467910767
335,56.6,6,70,0.18746,10.66074641432081
336,12.6,2,20,0.186523,5.783928275108337
337,56.4,6,75,0.18559,11.687188965479534
338,57.4,6,62,0.184662,16.27898359298706
339,10.8,2,14,0.183739,9.346093756811959
340,86.3,9,88,0.18282,17.548792118375953
341,23.1,3,27,0.181906,19.731969912846882
342,1.5,1,13,0.180997,17.82402623616732
343,1.1,1,8,0.180092,7.9258460104465485
344,23.1,3,24,0.179191,6.719629069169362
345,22.1,3,22,0.178295,6.074499054388567
346,121.8,12,123,0.177404,9.26214291215912
347,86.5,9,98,0.176517,11.759745349689405
348,0.7,1,18,0.175634,6.157986534966363
349,-8.8,0,7,0.174756,6.531021731240409
350,32.0,4,20,0.173882,5.867162013053894
351,33.8,4,29,0.173013,10.720645189285278
352,47.1,5,65,0.172148,14.622630078975972
353,19.9,3,32,0.171287,9.847026750445366
354,32.8,4,39,0.170431,14.410494731022762
355,132.1,13,120,0.169578,9.286400661865871
356,145.4,14,138,0.168731,15.617484042609947
357,89.5,9,86,0.167887,9.738517808359722
358,53.2,6,35,0.167047,17.881795174734933
359,21.7,3,35,0.166212,14.627042184557233
360,54.0,6,42,0.165381,16.029960144133796
361,-12.0,0,15,0.164554,20.333118549982707
362,87.1,9,68,0.163731,12.833201460978565
363,147.4,14,136,0.162913,14.222995664266978
364,0.9,1,7,0.162098,29.60469913482666
365,11.8,2,22,0.161288,7.046456315300682
366,54.6,6,54,0.160481,16.41722430123223
367,56.8,6,59,0.159679,14.237032401359688
368,32.6,4,53,0.158881,16.92364844286217
369,1.7,1,11,0.158086,28.907326568256725
370,89.5,9,71,0.157296,12.849900128136218
371,22.5,3,24,0.156509,14.312977274258932
372,88.5,9,72,0.155727,16.716587632894516
373,45.3,5,38,0.154948,10.135501798830534
374,42.7,5,37,0.154173,11.732934797132337
375,0.7,1,9,0.153402,6.904425674014622
376,21.5,3,19,0.152635,7.838825677570544
377,22.5,3,30,0.151872,6.3107223828633625
378,31.2,4,16,0.151113,20.887607723474503
379,0.9,1,7,0.150357,5.94412933077131
380,21.9,3,18,0.149606,5.736074897978041
381,0.1,1,6,0.148857,34.63528231779734
382,-9.0,0,6,0.148113,5.094369570414226
383,74.6,8,60,0.147373,14.175368277231852
384,34.6,4,45,0.146636,20.348380692799886
385,77.6,8,60,0.145903,12.204785748322804
386,108.9,11,77,0.145173,17.66862228628877
387,98.6,10,101,0.144447,16.29392187194069
388,44.7,5,38,0.143725,5.566998073929234
389,33.0,4,43,0.143006,4.824702967044919
390,13.0,2,22,0.142291,5.796582319519737
391,54.0,6,45,0.14158,22.142746882968478
392,10.8,2,8,0.140872,30.10132998228073
393,54.8,6,40,0.140168,6.829551482200623
394,1.3,1,9,0.139467,27.66358428531223
395,12.6,2,23,0.138769,6.443862147953199
396,-8.8,0,10,0.138076,24.279320311546325
397,99.2,10,104,0.137385,18.886357220319603
398,24.5,3,37,0.136698,14.892204542417783
399,23.5,3,26,0.136015,22.586079579133255
400,98.0,10,92,0.135335,22.890070604241412
401,87.1,9,74,0.134658,18.566735438398414
402,37.0,4,48,0.133985,5.478544533252716
403,67.5,7,76,0.133315,18.944376148675616
404,65.9,7,59,0.132648,26.601698269278316
405,-9.2,0,5,0.131985,5.35475788116455
406,130.9,13,141,0.131325,19.32327900879772
407,1.7,1,14,0.130668,41.6878616469247
408,53.2,6,62,0.130015,20.549106205663374
409,64.1,7,50,0.129365,18.21414969444275
410,-0.5,1,21,0.128718,29.84682294300624
411,20.9,3,43,0.128075,17.851581917252652
412,92.5,9,89,0.127434,15.646941838639506
413,13.8,2,26,0.126797,15.305935511222252
414,11.2,2,10,0.126163,6.718115043640137
415,43.3,5,37,0.125532,17.908738568022443
416,1.5,1,10,0.124905,22.173149061203002
417,114.5,11,123,0.12428,14.35455990225319
418,0.1,1,3,0.123659,7.44142484664917
419,64.5,7,40,0.12304,14.311039978265763
420,34.4,4,32,0.122425,16.01159631460905
421,11.2,2,10,0.121813,25.322934055328368
422,20.9,3,28,0.121204,16.671099645750864
423,100.4,10,104,0.120598,23.41057662321971
424,10.4,2,24,0.119995,24.311888376871746
425,123.0,12,96,0.119395,19.08276679366827
426,0.9,1,37,0.118798,29.998159073494577
427,44.5,5,31,0.118204,29.594607783902077
428,64.3,7,54,0.117613,18.071269825652795
429,21.7,3,32,0.117025,25.333882831037045
430,14.4,2,38,0.11644,24.85872066648383
431,97.2,10,58,0.115858,33.41684780449703
432,20.5,3,38,0.115278,17.847934133128117
433,97.4,10,101,0.114702,15.69690728895735
434,105.1,11,139,0.114128,20.27325279421086
435,78.6,8,59,0.113558,26.886555958602386
436,146.1,15,132,0.11299,12.01353219422427
437,95.8,10,90,0.112425,18.89028419918484
438,55.0,6,35,0.111863,7.600129522596087
439,192.9,19,142,0.111304,13.705501925777382
440,43.5,5,44,0.110747,36.28841053897684
441,108.5,11,75,0.110193,19.997153708140054
442,165.4,16,141,0.109642,31.051207195782492
443,106.1,11,63,0.109094,15.90530948790293
444,44.9,5,45,0.108549,28.196767875883314
445,33.8,4,35,0.108006,8.261882025854929
446,58.6,6,56,0.107466,16.81037781919752
447,1.1,1,11,0.106929,7.796462102369829
448,65.5,7,48,0.106394,22.870394041140873
449,22.7,3,19,0.105862,18.96784190127724
450,22.1,3,16,0.105333,23.039368331432343
451,68.7,7,79,0.104806,19.532542373560652
452,81.7,9,59,0.104282,24.726410558668235
453,31.8,4,37,0.103761,22.08355581438219
454,110.1,11,83,0.103242,16.884206234690655
455,42.7,5,34,0.102726,28.786025944878073
456,34.6,4,39,0.102212,12.424718227141943
457,43.3,5,37,0.101701,20.152412504763216
458,44.7,5,32,0.101192,6.466129325330257
459,13.8,2,23,0.100686,18.649241913919862
460,89.3,9,100,0.100183,23.161787388324736
461,34.2,4,34,0.099682,18.120987751904657
462,89.3,9,61,0.099184,23.443161933148495
463,0.9,1,10,0.098688,8.959946346282958
464,53.2,6,53,0.098194,22.03637127606374
465,124.8,12,123,0.097703,22.21801637634029
466,1.1,1,14,0.097215,27.849441289901733
467,42.7,5,52,0.096729,40.57088115582099
468,-8.6,0,11,0.096245,35.19566683335738
469,42.9,5,32,0.095764,19.452123567461967
470,-1.5,1,16,0.095285,8.002737581729889
471,177.5,17,141,0.094809,34.166877543672605
472,86.9,9,70,0.094335,30.802687055724007
473,120.8,12,85,0.093863,23.7779920241412
474,30.8,4,29,0.093394,15.828965466597985
475,1.5,1,10,0.092927,60.23242564201355
476,68.7,7,64,0.092462,18.77629914879799
477,97.0,10,87,0.092,25.46644295769176
478,66.1,7,45,0.09154,13.238982486724854
479,67.7,7,59,0.091082,6.668957152609098
480,99.6,10,73,0.090627,35.26295222321602
481,217.1,21,190,0.090173,29.146146381528755
482,1.3,1,9,0.089723,62.313731617397735
483,168.7,17,151,0.089274,36.49728504395643
484,118.6,12,113,0.088828,37.70203232976188
485,36.4,4,39,0.088383,27.8803150837238
486,127.1,13,98,0.087942,30.33593526178477
487,145.2,14,149,0.087502,30.187585129833863
488,89.3,9,82,0.087064,37.18266051571543
489,55.0,6,59,0.086629,33.765564308328145
490,127.7,13,98,0.086196,32.19723087914136
491,173.5,17,151,0.085765,47.34925419131652
492,130.5,13,79,0.085336,42.11837881426268
493,46.7,5,60,0.084909,36.9743586063385
494,0.1,1,21,0.084485,9.258666469937278
495,0.5,1,5,0.084062,62.91684980392456
496,79.8,8,71,0.083642,51.6804126752934
497,1.3,1,9,0.083224,37.06085332234701
498,36.2,4,56,0.082808,24.513368487358093
499,212.2,20,160,0.082394,36.7145469725132
500,34.6,4,33,0.081982,18.346739407741662
